{
	"height" : 720,
	"intrinsic_matrix" : 
	[
		607.060302734375,
		0.0,
		0.0,
		0.0,
		607.1031494140625,
		0.0,
		639.758056640625,
		363.29052734375,
		1.0
	],
	"width" : 1280
}